{
  "service": {
    "service": "transfer",
    "serviceObject": {
      "name": "transfer"
    },
    "provider": {
      "stage": "dev",
      "region": "eu-central-1",
      "variableSyntax": "\\${([ ~:a-zA-Z0-9._'\",\\-\\/\\(\\)]+?)}",
      "name": "aws",
      "runtime": "nodejs6.10",
      "versionFunctions": true,
      "remoteFunctionData": null,
      "compiledCloudFormationTemplate": {
        "AWSTemplateFormatVersion": "2010-09-09",
        "Description": "The AWS CloudFormation template for this Serverless application",
        "Resources": {
          "ServerlessDeploymentBucket": {
            "Type": "AWS::S3::Bucket"
          },
          "TransferLogGroup": {
            "Type": "AWS::Logs::LogGroup",
            "Properties": {
              "LogGroupName": "/aws/lambda/transfer-dev-transfer"
            }
          },
          "IamRoleLambdaExecution": {
            "Type": "AWS::IAM::Role",
            "Properties": {
              "AssumeRolePolicyDocument": {
                "Version": "2012-10-17",
                "Statement": [
                  {
                    "Effect": "Allow",
                    "Principal": {
                      "Service": [
                        "lambda.amazonaws.com"
                      ]
                    },
                    "Action": [
                      "sts:AssumeRole"
                    ]
                  }
                ]
              },
              "Policies": [
                {
                  "PolicyName": {
                    "Fn::Join": [
                      "-",
                      [
                        "dev",
                        "transfer",
                        "lambda"
                      ]
                    ]
                  },
                  "PolicyDocument": {
                    "Version": "2012-10-17",
                    "Statement": [
                      {
                        "Effect": "Allow",
                        "Action": [
                          "logs:CreateLogStream"
                        ],
                        "Resource": [
                          {
                            "Fn::Sub": "arn:aws:logs:${AWS::Region}:${AWS::AccountId}:log-group:/aws/lambda/transfer-dev-transfer:*"
                          }
                        ]
                      },
                      {
                        "Effect": "Allow",
                        "Action": [
                          "logs:PutLogEvents"
                        ],
                        "Resource": [
                          {
                            "Fn::Sub": "arn:aws:logs:${AWS::Region}:${AWS::AccountId}:log-group:/aws/lambda/transfer-dev-transfer:*:*"
                          }
                        ]
                      }
                    ]
                  }
                }
              ],
              "Path": "/",
              "RoleName": {
                "Fn::Join": [
                  "-",
                  [
                    "transfer",
                    "dev",
                    "eu-central-1",
                    "lambdaRole"
                  ]
                ]
              }
            }
          },
          "TransferLambdaFunction": {
            "Type": "AWS::Lambda::Function",
            "Properties": {
              "Code": {
                "S3Bucket": {
                  "Ref": "ServerlessDeploymentBucket"
                },
                "S3Key": "serverless/transfer/dev/1505478277640-2017-09-15T12:24:37.640Z/transfer.zip"
              },
              "FunctionName": "transfer-dev-transfer",
              "Handler": "handler.endpoint",
              "MemorySize": 1024,
              "Role": {
                "Fn::GetAtt": [
                  "IamRoleLambdaExecution",
                  "Arn"
                ]
              },
              "Runtime": "nodejs6.10",
              "Timeout": 6
            },
            "DependsOn": [
              "TransferLogGroup",
              "IamRoleLambdaExecution"
            ]
          },
          "TransferLambdaVersionpoaZEHkb4KLxAxA0sppizsLoPZe9QUjHT0GfK3gXtQ": {
            "Type": "AWS::Lambda::Version",
            "DeletionPolicy": "Retain",
            "Properties": {
              "FunctionName": {
                "Ref": "TransferLambdaFunction"
              },
              "CodeSha256": "poaZEHkb4KLxAxA0sppizsLoPZe9QUjHT0GfK3g/XtQ="
            }
          },
          "ApiGatewayRestApi": {
            "Type": "AWS::ApiGateway::RestApi",
            "Properties": {
              "Name": "dev-transfer"
            }
          },
          "ApiGatewayResourceTransfer": {
            "Type": "AWS::ApiGateway::Resource",
            "Properties": {
              "ParentId": {
                "Fn::GetAtt": [
                  "ApiGatewayRestApi",
                  "RootResourceId"
                ]
              },
              "PathPart": "transfer",
              "RestApiId": {
                "Ref": "ApiGatewayRestApi"
              }
            }
          },
          "ApiGatewayMethodTransferGet": {
            "Type": "AWS::ApiGateway::Method",
            "Properties": {
              "HttpMethod": "GET",
              "RequestParameters": {},
              "ResourceId": {
                "Ref": "ApiGatewayResourceTransfer"
              },
              "RestApiId": {
                "Ref": "ApiGatewayRestApi"
              },
              "AuthorizationType": "NONE",
              "Integration": {
                "IntegrationHttpMethod": "POST",
                "Type": "AWS_PROXY",
                "Uri": {
                  "Fn::Join": [
                    "",
                    [
                      "arn:aws:apigateway:",
                      {
                        "Ref": "AWS::Region"
                      },
                      ":lambda:path/2015-03-31/functions/",
                      {
                        "Fn::GetAtt": [
                          "TransferLambdaFunction",
                          "Arn"
                        ]
                      },
                      "/invocations"
                    ]
                  ]
                }
              },
              "MethodResponses": []
            }
          },
          "ApiGatewayDeployment1505478277655": {
            "Type": "AWS::ApiGateway::Deployment",
            "Properties": {
              "RestApiId": {
                "Ref": "ApiGatewayRestApi"
              },
              "StageName": "dev"
            },
            "DependsOn": [
              "ApiGatewayMethodTransferGet"
            ]
          },
          "TransferLambdaPermissionApiGateway": {
            "Type": "AWS::Lambda::Permission",
            "Properties": {
              "FunctionName": {
                "Fn::GetAtt": [
                  "TransferLambdaFunction",
                  "Arn"
                ]
              },
              "Action": "lambda:InvokeFunction",
              "Principal": "apigateway.amazonaws.com",
              "SourceArn": {
                "Fn::Join": [
                  "",
                  [
                    "arn:aws:execute-api:",
                    {
                      "Ref": "AWS::Region"
                    },
                    ":",
                    {
                      "Ref": "AWS::AccountId"
                    },
                    ":",
                    {
                      "Ref": "ApiGatewayRestApi"
                    },
                    "/*/*"
                  ]
                ]
              }
            }
          }
        },
        "Outputs": {
          "ServerlessDeploymentBucketName": {
            "Value": {
              "Ref": "ServerlessDeploymentBucket"
            }
          },
          "TransferLambdaFunctionQualifiedArn": {
            "Description": "Current Lambda function version",
            "Value": {
              "Ref": "TransferLambdaVersionpoaZEHkb4KLxAxA0sppizsLoPZe9QUjHT0GfK3gXtQ"
            }
          },
          "ServiceEndpoint": {
            "Description": "URL of the service endpoint",
            "Value": {
              "Fn::Join": [
                "",
                [
                  "https://",
                  {
                    "Ref": "ApiGatewayRestApi"
                  },
                  ".execute-api.eu-central-1.amazonaws.com/dev"
                ]
              ]
            }
          }
        }
      },
      "coreCloudFormationTemplate": {
        "AWSTemplateFormatVersion": "2010-09-09",
        "Description": "The AWS CloudFormation template for this Serverless application",
        "Resources": {
          "ServerlessDeploymentBucket": {
            "Type": "AWS::S3::Bucket"
          }
        },
        "Outputs": {
          "ServerlessDeploymentBucketName": {
            "Value": {
              "Ref": "ServerlessDeploymentBucket"
            }
          }
        }
      },
      "vpc": {}
    },
    "functions": {
      "transfer": {
        "handler": "handler.endpoint",
        "events": [
          {
            "http": {
              "path": "transfer",
              "method": "get",
              "integration": "AWS_PROXY"
            }
          }
        ],
        "name": "transfer-dev-transfer",
        "package": {},
        "vpc": {}
      }
    },
    "artifact": "/home/carl/dev/swishbit/paymentgateway/transfer/.serverless/transfer.zip"
  },
  "package": {
    "artifactDirectoryName": "serverless/transfer/dev/1505478277640-2017-09-15T12:24:37.640Z",
    "artifact": "transfer.zip"
  }
}